{"cameraMode":{"drawMode":0,"name":"Shaded","section":"Shading Mode"},"sceneLighting":true,"audioPlay":false,"sceneViewState":{"showFog":true,"showMaterialUpdate":false,"showSkybox":true,"showFlares":true,"showImageEffects":true,"showParticleSystems":true},"in2DMode":false,"pivot":{"x":0.06120675802230835,"y":0.10360890626907349,"z":0.0029750168323516847},"rotation":{"x":0.011277482844889164,"y":0.9277547001838684,"z":-0.02812894992530346,"w":0.3719579577445984},"size":0.6348084211349487,"orthographic":false}