{"cameraMode":{"drawMode":0,"name":"Shaded","section":"Shading Mode"},"sceneLighting":true,"audioPlay":false,"sceneViewState":{"showFog":true,"showMaterialUpdate":false,"showSkybox":true,"showFlares":true,"showImageEffects":true,"showParticleSystems":true},"in2DMode":false,"pivot":{"x":-0.0025454461574554445,"y":0.04071539640426636,"z":-0.007643833756446838},"rotation":{"x":0.011277482844889164,"y":0.9277547001838684,"z":-0.02812894992530346,"w":0.3719579577445984},"size":0.31016141176223757,"orthographic":false}