{"cameraMode":{"drawMode":0,"name":"Shaded","section":"Shading Mode"},"sceneLighting":true,"audioPlay":false,"sceneViewState":{"showFog":true,"showMaterialUpdate":false,"showSkybox":true,"showFlares":true,"showImageEffects":true,"showParticleSystems":true},"in2DMode":false,"pivot":{"x":0.030688494443893434,"y":0.08129914104938507,"z":-0.024304643273353578},"rotation":{"x":0.011277482844889164,"y":0.9277547001838684,"z":-0.02812894992530346,"w":0.3719579577445984},"size":0.3348084092140198,"orthographic":false}