{"cameraMode":{"drawMode":0,"name":"Shaded","section":"Shading Mode"},"sceneLighting":true,"audioPlay":false,"sceneViewState":{"showFog":true,"showMaterialUpdate":false,"showSkybox":true,"showFlares":true,"showImageEffects":true,"showParticleSystems":true},"in2DMode":false,"pivot":{"x":0.010274767875671387,"y":-0.010016478598117829,"z":-0.03614521026611328},"rotation":{"x":0.011277482844889164,"y":0.9277547001838684,"z":-0.02812894992530346,"w":0.3719579577445984},"size":1.5348083972930909,"orthographic":false}