{"cameraMode":{"drawMode":0,"name":"Shaded","section":"Shading Mode"},"sceneLighting":true,"audioPlay":false,"sceneViewState":{"showFog":true,"showMaterialUpdate":false,"showSkybox":true,"showFlares":true,"showImageEffects":true,"showParticleSystems":true},"in2DMode":false,"pivot":{"x":-0.22949406504631043,"y":-0.2241504192352295,"z":-0.4724177122116089},"rotation":{"x":-0.05355629697442055,"y":0.937058687210083,"z":-0.30255430936813357,"w":-0.16587240993976594},"size":1.1533794403076172,"orthographic":false}