{"cameraMode":{"drawMode":0,"name":"Shaded","section":"Shading Mode"},"sceneLighting":true,"audioPlay":false,"sceneViewState":{"showFog":true,"showMaterialUpdate":false,"showSkybox":true,"showFlares":true,"showImageEffects":true,"showParticleSystems":true},"in2DMode":false,"pivot":{"x":-0.47653722763061526,"y":-0.6308603286743164,"z":0.5981947779655457},"rotation":{"x":-0.1007661297917366,"y":0.607408881187439,"z":-0.07805915921926499,"w":-0.7840966582298279},"size":3.0593786239624025,"orthographic":false}